<?xml version="1.0" encoding="UTF-8"?>
<beans xmlns="http://www.springframework.org/schema/beans"
	xmlns:xsi="http://www.w3.org/2001/XMLSchema-instance"
	xmlns:context="http://www.springframework.org/schema/context"
	xsi:schemaLocation="http://www.springframework.org/schema/beans http://www.springframework.org/schema/beans/spring-beans.xsd
		http://www.springframework.org/schema/context http://www.springframework.org/schema/context/spring-context-4.2.xsd">

<context:component-scan base-package="com.rkit"></context:component-scan>
<bean id="a" class="com.rkit.A"></bean>
<bean id="x" class="com.rkit.X">
<constructor-arg ref="y"></constructor-arg>
<constructor-arg value="NamasteFromXML"></constructor-arg>
</bean>

</beans>
