<?xml version="1.0" encoding="UTF-8"?>
<beans xmlns="http://www.springframework.org/schema/beans"
	xmlns:xsi="http://www.w3.org/2001/XMLSchema-instance"
	xsi:schemaLocation="http://www.springframework.org/schema/beans http://www.springframework.org/schema/beans/spring-beans.xsd">

<bean id="a" class="A" init-method="calculateYearlyInterest" destroy-method="reset">
<property name="rate" value="6"></property>
<property name="amount" value="10000"></property>
<property name="duration" value="6"></property>
</bean>
</beans>
