<?xml version="1.0" encoding="UTF-8"?>
<beans xmlns="http://www.springframework.org/schema/beans"
	xmlns:xsi="http://www.w3.org/2001/XMLSchema-instance"
	xsi:schemaLocation="http://www.springframework.org/schema/beans http://www.springframework.org/schema/beans/spring-beans.xsd">
<!--  I- Inject Method implementation using Look-Up Method 
<bean id="magician" class="Magician">
   <lookup-method  name="getBox" bean="birdBox"/>
</bean>
<bean id="birdBox" class="BirdBox"></bean>
<bean id="elephantBox" class="Box"></bean>
  II Using replaced_Method-->
<bean id="shop" class="Shop">
 <replaced-method name="getDiscount" replacer="discounter">
 <arg-type>java.lang.String</arg-type>
 </replaced-method> 
</bean>
<bean id="discounter" class="DiscountReplacer" scope="prototype" >
<property name="discount" value='#{(new java.lang.String("Hello")).length()}'></property> <!--  Non static method needs beanid.methodName() spEL  : Spring Expression Language -->
<property name="customerName" value="#{T(DiscountPolicy).getCustomerName()}"></property> <!--  Static method call needs T(className).methodName -->
</bean>
<bean id="discountpolicy" class="DiscountPolicy">
<constructor-arg>
<map>
  <entry key="diwali" value="10"></entry>
  <entry key="holi" value="20"></entry>
  <entry key="Dasara" value="30"></entry>
  <entry key="GaneshChaturthi" value="40"></entry>
</map>
</constructor-arg>
 
</bean>
</beans>
